rank,structure,class,log_n_atoms,number_density,minconv_fill
1,RSM0274,MOF,4.02535,0.0690419,0.332881
2,RSM1876,MOF,4.99043,0.0376992,0.24732
3,RSM0047,MOF,3.58352,0.0322382,0.207962
4,20561N3,COF,4.78749,0.056423,0.256682
5,RSM0010,MOF,3.09104,0.100462,0.47013
6,RSM1885,MOF,4.99721,0.0937801,0.292135
7,VFI,zeolite,4.68213,0.0418194,0.278738
8,RSM1877,MOF,4.99043,0.0770863,0.454125
9,RSM0023,MOF,3.46574,0.0374923,0.389366
10,RSM1162,MOF,4.68213,0.0363675,0.371196
11,RSM0254,MOF,4.02535,0.109585,0.398093
12,RSM0116,MOF,3.78419,0.065465,0.461446
13,RSM0622,MOF,4.33073,0.0734229,0.251147
14,18150N2,COF,4.86753,0.0492957,0.348284
15,RSM0430,MOF,4.18965,0.0521612,0.276024
16,RSM0814,MOF,4.47734,0.0623327,0.502664
17,NPT,zeolite,4.68213,0.039224,0.435909
18,RSM0011,MOF,3.09104,0.0734727,0.357875
19,RSM1831,MOF,4.96981,0.0602897,0.311777
20,RSM0123,MOF,3.78419,0.0638397,0.293777
21,RSM0230,MOF,3.98898,0.0421082,0.402225
22,RSM0080,MOF,3.68888,0.102041,0.33924
23,RSM0183,MOF,3.91202,0.0522098,0.332456
24,19000N3,COF,5.12396,0.0141062,0.11356
25,RSM1618,MOF,4.89784,0.0615487,0.219931
26,RSM0317,MOF,4.06044,0.0893216,0.287488
27,AFI,zeolite,4.27667,0.055265,0.280418
28,RSM1751,MOF,4.94164,0.07322,0.344753
29,RSM0246,MOF,4.00733,0.0757318,0.467579
30,RSM1175,MOF,4.68213,0.103733,0.407778
31,RSM1870,MOF,4.98361,0.0738942,0.271817
32,RSM0516,MOF,4.27667,0.054374,0.32827
33,RSM0089,MOF,3.73767,0.0781629,0.412579
34,13181N3,COF,4.58497,0.0613023,0.309796
35,RSM0456,MOF,4.21951,0.0893377,0.334796
36,RSM1250,MOF,4.7185,0.0423727,0.297137
37,SAS,zeolite,4.56435,0.0468,0.380883
38,RSM0113,MOF,3.78419,0.0589441,0.385405
39,RSM0122,MOF,3.78419,0.0676755,0.333689
40,RSM0998,MOF,4.60517,0.0820016,0.298264
41,RSM0777,MOF,4.43082,0.0361658,0.181727
42,RSM0249,MOF,4.02535,0.0762352,0.387959
43,RSM0210,MOF,3.95124,0.0722519,0.296441
44,13180N3,COF,4.58497,0.0699206,0.275964
45,RSM1869,MOF,4.98361,0.0888698,0.337803
46,RSM0020,MOF,3.4012,0.0566263,0.430593
47,RWY,zeolite,4.96981,0.0230249,0.150592
48,RSM0992,MOF,4.58497,0.0680503,0.301268
49,RSM0043,MOF,3.58352,0.051372,0.277857
50,RSM1823,MOF,4.96981,0.0582265,0.356096
51,RSM0337,MOF,4.09434,0.0643209,0.380972
52,RSM1815,MOF,4.96981,0.0637137,0.455847
53,RSM0242,MOF,3.98898,0.035687,0.343425
54,16050N2,COF,5.24702,0.046705,0.252397
55,RSM0174,MOF,3.91202,0.0550639,0.263131
56,RSM0208,MOF,3.95124,0.100166,0.329938
57,LTA,zeolite,4.27667,0.043084,0.304651
58,RSM0531,MOF,4.27667,0.0523202,0.372962
59,RSM0676,MOF,4.38203,0.0677355,0.344024
60,RSM1213,MOF,4.70048,0.0880465,0.259952
61,RSM0478,MOF,4.2485,0.0919939,0.439585
62,RSM0025,MOF,3.52636,0.0956075,0.398956
63,RSM0114,MOF,3.78419,0.0986601,0.446922
64,12022N2,COF,5.3845,0.0328709,0.25274
65,RSM0544,MOF,4.29046,0.0647798,0.269117
66,RSM0087,MOF,3.73767,0.0772684,0.344535
67,LTL,zeolite,4.68213,0.0505907,0.266943
68,RSM1878,MOF,4.99043,0.0895238,0.404264
69,RSM0373,MOF,4.15888,0.0638424,0.305221
70,RSM0244,MOF,3.98898,0.0854792,0.426795
71,RSM0015,MOF,3.2581,0.0678218,0.467209
72,RSM1107,MOF,4.64439,0.0314441,0.327896
73,RSM1865,MOF,4.98361,0.0705066,0.314936
74,21000N2,COF,5.48064,0.0284691,0.2188
75,RSM1330,MOF,4.75359,0.0775687,0.407966
76,RSM0239,MOF,3.98898,0.0488115,0.29549
77,AFR,zeolite,4.56435,0.0454172,0.284552
78,RSM0202,MOF,3.93183,0.0674616,0.412767
79,RSM0108,MOF,3.78419,0.0536193,0.299284
80,RSM0868,MOF,4.52179,0.0563964,0.286481
81,RSM0306,MOF,4.06044,0.0780257,0.320823
82,RSM0885,MOF,4.52179,0.100208,0.316684
83,RSM0061,MOF,3.63759,0.0765392,0.479272
84,20560N3,COF,4.78749,0.0568853,0.257077
85,RSM0083,MOF,3.73767,0.0589254,0.332724
86,RSM0216,MOF,3.95124,0.064305,0.301893
87,ITT,zeolite,4.92725,0.0385952,0.187542
88,RSM0081,MOF,3.71357,0.0691454,0.376172
89,RSM1511,MOF,4.85203,0.051128,0.32222
90,RSM0164,MOF,3.91202,0.0623245,0.340017
91,RSM0166,MOF,3.91202,0.097639,0.39384
92,RSM0967,MOF,4.56435,0.0739084,0.318866
93,RSM0052,MOF,3.58352,0.0814295,0.373285
94,RSM0491,MOF,4.2485,0.0749529,0.351544
95,RSM1853,MOF,4.97673,0.0806761,0.297809
96,RSM0420,MOF,4.18965,0.0489938,0.410665
97,RSM0402,MOF,4.15888,0.0794473,0.416597
98,RSM0140,MOF,3.82864,0.0321117,0.247613
99,RSM1886,MOF,4.99721,0.0552871,0.295459
100,RSM0480,MOF,4.2485,0.0701851,0.309349
101,RSM0280,MOF,4.02535,0.0468339,0.323539
102,RSM0485,MOF,4.2485,0.106297,0.37132
103,RSM0660,MOF,4.35671,0.0832107,0.35741
104,RSM1709,MOF,4.91265,0.0682956,0.252654
105,RSM1854,MOF,4.97673,0.104012,0.312871
106,RSM0243,MOF,3.98898,0.0779753,0.346686
107,RSM0703,MOF,4.38203,0.038199,0.303771
108,RSM0073,MOF,3.68888,0.0685376,0.313368
109,RSM0171,MOF,3.91202,0.0671598,0.279969
110,RSM0220,MOF,3.95124,0.0547335,0.357087
111,RSM1883,MOF,4.99721,0.0493543,0.175371
112,RSM0160,MOF,3.89182,0.0915455,0.346532
113,RSM0423,MOF,4.18965,0.0576741,0.256057
114,RSM0022,MOF,3.46574,0.0488291,0.370257
115,RSM0086,MOF,3.73767,0.0423455,0.277967
116,RSM0158,MOF,3.89182,0.0705723,0.458332
117,RSM0004,MOF,2.56495,0.0864643,0.426305
118,RSM0161,MOF,3.89182,0.0602283,0.446639
119,RSM0068,MOF,3.68888,0.0750845,0.38991
120,RSM0860,MOF,4.49981,0.0668853,0.43331
121,RSM1848,MOF,4.96981,0.0226277,0.296119
122,RSM0056,MOF,3.63759,0.0724819,0.43021
123,RSM0533,MOF,4.27667,0.0472128,0.339771
124,RSM0154,MOF,3.89182,0.0695022,0.31109
125,RSM1667,MOF,4.91265,0.0650167,0.296915
126,RSM1868,MOF,4.98361,0.0812597,0.358841
127,RSM0535,MOF,4.27667,0.0891445,0.401127
128,RSM0147,MOF,3.8712,0.0766818,0.427575
129,RSM1111,MOF,4.64439,0.0784515,0.238259
130,RSM1072,MOF,4.63473,0.069384,0.331159
131,RSM0129,MOF,3.82864,0.0457742,0.260499
132,RSM0301,MOF,4.04305,0.0890823,0.464352
133,RSM0079,MOF,3.68888,0.0670229,0.418194
134,RSM0135,MOF,3.82864,0.067808,0.393781
135,RSM0148,MOF,3.8712,0.0609497,0.324082
136,RSM0178,MOF,3.91202,0.0590055,0.294663
137,RSM0226,MOF,3.98898,0.0856821,0.320264
138,RSM1852,MOF,4.96981,0.081106,0.26422
139,RSM0260,MOF,4.02535,0.0737013,0.297732
140,RSM0143,MOF,3.85015,0.0842932,0.413674
141,RSM0299,MOF,4.04305,0.0567506,0.3074
142,RSM1533,MOF,4.85203,0.0339445,0.238692
143,RSM0218,MOF,3.95124,0.0653364,0.391112
144,RSM1099,MOF,4.64439,0.0622244,0.28064
145,RSM0118,MOF,3.78419,0.0624203,0.356498
146,RSM0085,MOF,3.73767,0.0933029,0.53364
147,RSM0200,MOF,3.93183,0.0767121,0.498209
148,RSM0084,MOF,3.73767,0.0609725,0.518061
149,RSM0234,MOF,3.98898,0.0399517,0.36325
150,RSM0500,MOF,4.27667,0.0543384,0.254222
151,RSM1289,MOF,4.7362,0.0847575,0.283727
152,RSM0019,MOF,3.4012,0.113514,0.417576
153,RSM0492,MOF,4.2485,0.0733793,0.271099
154,RSM1862,MOF,4.98361,0.0779305,0.283473
155,RSM0159,MOF,3.89182,0.066641,0.346742
156,RSM0854,MOF,4.49981,0.0933906,0.355155
157,RSM0240,MOF,3.98898,0.089085,0.397268
158,RSM0466,MOF,4.21951,0.0517413,0.31669
159,RSM0055,MOF,3.61092,0.0769775,0.408024
160,RSM1440,MOF,4.82028,0.0643831,0.314419
161,RSM0248,MOF,4.00733,0.0710945,0.517557
162,RSM0138,MOF,3.82864,0.0591411,0.33857
163,RSM0229,MOF,3.98898,0.0721016,0.341139
164,RSM0181,MOF,3.91202,0.0552013,0.301466
165,RSM0225,MOF,3.98898,0.0538408,0.294557
166,RSM0076,MOF,3.68888,0.0885775,0.39755
167,RSM0644,MOF,4.33073,0.0449732,0.247286
168,RSM0447,MOF,4.21951,0.0780882,0.329792
169,RSM0104,MOF,3.78419,0.0691333,0.354614
170,RSM0740,MOF,4.43082,0.0984314,0.397637
171,RSM0030,MOF,3.52636,0.0933927,0.437838
172,RSM1864,MOF,4.98361,0.0824895,0.27932
173,RSM0094,MOF,3.73767,0.0736381,0.460151
174,RSM0424,MOF,4.18965,0.0489423,0.387621
175,RSM0009,MOF,3.09104,0.0878532,0.400433
176,RSM0391,MOF,4.15888,0.0561558,0.318794
177,RSM0136,MOF,3.82864,0.0659579,0.3252
178,RSM1042,MOF,4.60517,0.0425496,0.302778
179,RSM0059,MOF,3.63759,0.107456,0.474991
180,RSM1889,MOF,4.99721,0.0576193,0.302303
181,RSM1064,MOF,4.62497,0.0677556,0.31463
182,RSM0064,MOF,3.63759,0.0795471,0.393748
183,RSM0332,MOF,4.09434,0.100618,0.367447
184,RSM0224,MOF,3.98898,0.043806,0.424783
185,RSM0292,MOF,4.02535,0.0877754,0.417708
186,RSM0098,MOF,3.73767,0.0448174,0.257551
187,RSM0134,MOF,3.82864,0.0937942,0.398761
188,RSM0268,MOF,4.02535,0.0788857,0.388091
189,RSM1142,MOF,4.68213,0.0727865,0.333537
190,RSM0321,MOF,4.07754,0.0771103,0.352343
191,RSM0155,MOF,3.89182,0.0654639,0.394639
192,RSM0574,MOF,4.30407,0.053079,0.272014
193,RSM0431,MOF,4.18965,0.0667487,0.37129
194,RSM0848,MOF,4.49981,0.0529823,0.32533
195,RSM0097,MOF,3.73767,0.0625692,0.300803
196,RSM0495,MOF,4.26268,0.0822083,0.39903
197,RSM0228,MOF,3.98898,0.0415408,0.38706
198,RSM1208,MOF,4.70048,0.0808923,0.296483
199,RSM1532,MOF,4.85203,0.0714555,0.336067
200,RSM0065,MOF,3.66356,0.0759993,0.444148
201,RSM0112,MOF,3.78419,0.0609526,0.283164
202,RSM1386,MOF,4.78749,0.0486052,0.328742
203,RSM0153,MOF,3.89182,0.0573155,0.328347
204,RSM0067,MOF,3.68888,0.0736209,0.41605
205,RSM0044,MOF,3.58352,0.0527228,0.264184
206,RSM1873,MOF,4.98361,0.062177,0.346773
207,RSM1887,MOF,4.99721,0.074632,0.268689
208,RSM0206,MOF,3.93183,0.0819749,0.431852
209,RSM0231,MOF,3.98898,0.0646383,0.309177
210,RSM0313,MOF,4.06044,0.0709506,0.33522
211,RSM0329,MOF,4.09434,0.0745442,0.376756
212,RSM0788,MOF,4.45435,0.0536508,0.291397
213,RSM1871,MOF,4.98361,0.0766557,0.264774
214,RSM0221,MOF,3.95124,0.069834,0.296507
215,RSM0021,MOF,3.4012,0.110137,0.406343
216,RSM1572,MOF,4.8828,0.0638631,0.244856
217,RSM1804,MOF,4.96981,0.078002,0.280754
218,RSM0927,MOF,4.54329,0.0360545,0.220527
219,RSM0012,MOF,3.09104,0.0965994,0.458104
220,RSM0062,MOF,3.63759,0.0528338,0.273265
221,RSM0304,MOF,4.06044,0.0802532,0.315033
222,RSM0040,MOF,3.52636,0.0491104,0.379668
223,RSM0077,MOF,3.68888,0.0450877,0.27499
224,RSM0150,MOF,3.8712,0.0710224,0.468826
225,RSM0060,MOF,3.63759,0.0723534,0.440963
226,RSM0241,MOF,3.98898,0.0397153,0.362183
227,RSM0203,MOF,3.93183,0.0660632,0.410676
228,RSM0388,MOF,4.15888,0.065033,0.38269
229,RSM0237,MOF,3.98898,0.0381887,0.35969
230,RSM0198,MOF,3.93183,0.0813985,0.431934
231,RSM0566,MOF,4.30407,0.0546106,0.325982
232,RSM0088,MOF,3.73767,0.0916517,0.523661
233,RSM1544,MOF,4.85203,0.0713686,0.337196
